{"cameraMode":{"drawMode":0,"name":"Shaded","section":"Shading Mode"},"sceneLighting":false,"audioPlay":false,"sceneViewState":{"m_AlwaysRefresh":false,"showFog":true,"showSkybox":false,"showFlares":true,"showImageEffects":true,"showParticleSystems":true,"showVisualEffectGraphs":true,"m_FxEnabled":true},"in2DMode":false,"pivot":{"x":2.0450000762939455,"y":1.7400000095367432,"z":0.15999996662139893},"rotation":{"x":-0.14175577461719514,"y":-0.07568708062171936,"z":0.012152176350355149,"w":-0.9865819215774536},"size":1.802303671836853,"orthographic":false}