{"cameraMode":{"drawMode":0,"name":"Shaded","section":"Shading Mode"},"sceneLighting":false,"audioPlay":false,"sceneViewState":{"m_AlwaysRefresh":false,"showFog":true,"showSkybox":false,"showFlares":true,"showImageEffects":true,"showParticleSystems":true,"showVisualEffectGraphs":true,"m_FxEnabled":true},"in2DMode":false,"pivot":{"x":-1.6000001430511475,"y":-7.449999809265137,"z":0.050000131130218509},"rotation":{"x":0.22622503340244294,"y":-0.0011269934475421906,"z":-0.0019318385748192669,"w":0.973633885383606},"size":0.8634987473487854,"orthographic":false}