{"cameraMode":{"drawMode":0,"name":"Shaded","section":"Shading Mode"},"sceneLighting":false,"audioPlay":false,"sceneViewState":{"m_AlwaysRefresh":false,"showFog":true,"showSkybox":false,"showFlares":true,"showImageEffects":true,"showParticleSystems":true,"showVisualEffectGraphs":true,"m_FxEnabled":true},"in2DMode":false,"pivot":{"x":-4.82677698135376,"y":2.0198569297790529,"z":-0.9878284335136414},"rotation":{"x":0.12143450975418091,"y":0.5464824438095093,"z":-0.08232180774211884,"w":0.8239844441413879},"size":0.00001733650606183801,"orthographic":false}