{"cameraMode":{"drawMode":0,"name":"Shaded","section":"Shading Mode"},"sceneLighting":false,"audioPlay":false,"sceneViewState":{"m_AlwaysRefresh":false,"showFog":true,"showSkybox":false,"showFlares":true,"showImageEffects":true,"showParticleSystems":true,"showVisualEffectGraphs":true,"m_FxEnabled":true},"in2DMode":false,"pivot":{"x":-1.5135794878005982,"y":14.463102340698243,"z":-0.0017614364624023438},"rotation":{"x":-0.2291201502084732,"y":-0.010048042982816697,"z":0.004151195753365755,"w":-0.9729210138320923},"size":13.248106956481934,"orthographic":false}