{"cameraMode":{"drawMode":0,"name":"Shaded","section":"Shading Mode"},"sceneLighting":false,"audioPlay":false,"sceneViewState":{"m_AlwaysRefresh":false,"showFog":true,"showSkybox":false,"showFlares":true,"showImageEffects":true,"showParticleSystems":true,"showVisualEffectGraphs":true,"m_FxEnabled":true},"in2DMode":false,"pivot":{"x":3.0197019577026369,"y":1.2170478105545045,"z":0.029512042179703714},"rotation":{"x":-0.2614266574382782,"y":0.0954146534204483,"z":-0.024714164435863496,"w":-0.9598037004470825},"size":0.8660253882408142,"orthographic":false}