{"cameraMode":{"drawMode":0,"name":"Shaded","section":"Shading Mode"},"sceneLighting":false,"audioPlay":false,"sceneViewState":{"m_AlwaysRefresh":false,"showFog":true,"showSkybox":false,"showFlares":true,"showImageEffects":true,"showParticleSystems":true,"showVisualEffectGraphs":true,"m_FxEnabled":true},"in2DMode":false,"pivot":{"x":9.55099868774414,"y":0.888961672782898,"z":0.32899951934814455},"rotation":{"x":-0.14175577461719514,"y":-0.07568708062171936,"z":0.012152176350355149,"w":-0.9865819215774536},"size":1.8699342012405396,"orthographic":false}